{"Osa8GE1LSpcfwvrGu86dXw==":"mbr-122x110.jpg","/GKRf57xNnQ+d+Xfz+h2Gg==":"mbr-134x134.jpg","WhoIhvd5bWzALlNXdxqAQQ==":"mbr-192x192.jpg","EGRD5GS9u93O5nHdd7r8wg==":"mbr-96x96.jpg","zyGwW7J00qOiMf5KFv3Thw==":"google-turns-logo-gray-in-honor-of-day-of-mourning-for-george-hw-bush-240x160.jpg","ri8LMkT1oZoBbn2mqcOJIw==":"google-logo-grey-1200x900.png","YJk2kiIsYcQ6b2aA0pGoIA==":"ibm-logo-grey-267x150.png","R3XaTt2OM7SpGOTPJFqNpA==":"amazon_png20-1000x202.png","uvd6RS58kDF5wW1ee6xVqg==":"amazon_png20-1-1000x202.png","ZQGprEwg7qAyYSF3SnBnjg==":"amazon_grey-668x260.png","qXLPJOJ2GKgVUtgPz2YuxA==":"microsoft-logo-300x254.png","ZT39QE0ExO6m9GQbpptIAA==":"logo-color-538x200.png","gtyXeNmUAgqoeh/jhWxkFA==":"logo-188x45.png","y4/RDPr0/E13R+7f5BmcdQ==":"logo-122x29.png"}